{
    "loss": 32.376258850097656,
    "accuracy": 0.5686274766921997
}