{
    "loss": 54.31041717529297,
    "accuracy": 0.5686274766921997
}