{
    "loss": 26.727096557617188,
    "accuracy": 0.5686274766921997
}